observations,auc,accuracy,balanced_accuracy,precision,recall,f1,brier,trade_rate,mean_strategy_return,strategy_sharpe,max_drawdown,accuracy_binom_pvalue_vs_0p50,strategy_mean_ttest_pvalue_gt_0,strategy_mean_permutation_pvalue,confusion_matrix_tn_fp_fn_tp,fold,feature_set,model,feature_count,val_auc,val_accuracy,threshold,youden_j
63,0.5,0.42857142857142855,0.5,0.0,0.0,0.0,0.5714285714285714,0.0,0.0,,0.0,0.8963160500715729,,,"[[27, 0], [36, 0]]",1,all_features,majority_class,16,0.5,0.4365079365079365,,
63,0.4032921810699589,0.42857142857142855,0.46296296296296297,0.5,0.2222222222222222,0.3076923076923077,0.2841230464452405,0.25396825396825395,0.0017477542329058968,2.120182040199447,-0.031064581544798964,0.8963160500715729,0.1485223006937379,,"[[19, 8], [28, 8]]",1,all_features,logistic_regression,16,0.5487836107554418,0.5476190476190477,0.5625237454347185,0.1480153649167722
63,0.35082304526748975,0.3968253968253968,0.4444444444444444,0.4,0.1111111111111111,0.17391304347826086,0.26453220599538263,0.15873015873015872,0.0008995046730136157,1.08811664001353,-0.05909181276728448,0.9615370831951954,0.29566062817357264,,"[[21, 6], [32, 4]]",1,all_features,random_forest,16,0.4640204865556978,0.47619047619047616,0.5743347712953357,0.06632522407170209
63,0.39711934156378603,0.4126984126984127,0.45370370370370366,0.46153846153846156,0.16666666666666666,0.24489795918367346,,0.20634920634920634,0.0013375159846858507,1.6989729501555668,-0.033780519611459336,0.9350410384887238,0.20131286192836495,,"[[20, 7], [30, 6]]",1,all_features,svm_linear,16,0.5272727272727273,0.5317460317460317,0.6106582679421395,0.12804097311139462
63,0.5,0.5555555555555556,0.5,0.0,0.0,0.0,0.4444444444444444,0.0,0.0,,0.0,0.22498126814511127,,,"[[35, 0], [28, 0]]",2,all_features,majority_class,16,0.5,0.4523809523809524,,
63,0.5387755102040817,0.5555555555555556,0.5321428571428571,0.5,0.32142857142857145,0.391304347826087,0.2681340855764464,0.2857142857142857,0.0025036867571737063,1.7000947480225774,-0.14153500308030253,0.22498126814511127,0.20115845808381516,,"[[26, 9], [19, 9]]",2,all_features,logistic_regression,16,0.43529112636664125,0.49206349206349204,0.6124506602027542,0.06025934401220377
63,0.5122448979591837,0.47619047619047616,0.4928571428571429,0.43902439024390244,0.6428571428571429,0.5217391304347826,0.2538596524157224,0.6507936507936508,-0.0012331961402584526,-0.7048505956303475,-0.24258915107269752,0.6926724921172691,0.6360945635098654,,"[[12, 23], [10, 18]]",2,all_features,random_forest,16,0.40986524281718795,0.5,0.5285567211273277,-0.019832189168571435
63,0.5489795918367347,0.5555555555555556,0.5178571428571428,0.5,0.17857142857142858,0.2631578947368421,,0.15873015873015872,0.0007431387166072129,0.6724677339414978,-0.10515145012807114,0.22498126814511127,0.3699205550807292,,"[[30, 5], [23, 5]]",2,all_features,svm_linear,16,0.43249427917620137,0.47619047619047616,0.9133666741817387,0.02822273073989308
63,0.5,0.5238095238095238,0.5,0.0,0.0,0.0,0.47619047619047616,0.0,0.0,,0.0,0.40065324625203314,,,"[[33, 0], [30, 0]]",3,all_features,majority_class,16,0.5,0.49206349206349204,,
63,0.49292929292929294,0.5079365079365079,0.49848484848484853,0.47368421052631576,0.3,0.3673469387755102,0.26703256234925216,0.30158730158730157,-0.00021465324961079504,-0.26374855661778607,-0.07588570918174664,0.5,0.5518307380245495,,"[[23, 10], [21, 9]]",3,all_features,logistic_regression,16,0.465725806451613,0.5158730158730159,0.6044697129629125,0.04284274193548329
63,0.5111111111111112,0.5079365079365079,0.4954545454545455,0.4666666666666667,0.23333333333333334,0.3111111111111111,0.25661458054804753,0.23809523809523808,0.0003658039866262365,0.5011802618079624,-0.09409821995414713,0.5,0.40224847618556026,,"[[25, 8], [23, 7]]",3,all_features,random_forest,16,0.44808467741935487,0.5,0.5760047051371945,0.012600806451612767
63,0.5262626262626263,0.5079365079365079,0.5121212121212121,0.4864864864864865,0.6,0.5373134328358209,,0.5873015873015873,0.0018992555302304063,1.8660314731090921,-0.09375127954192608,0.5,0.1791262257473913,,"[[14, 19], [12, 18]]",3,all_features,svm_linear,16,0.484375,0.5238095238095238,0.6363645913466843,0.052419354838709076
63,0.5,0.49206349206349204,0.5,0.0,0.0,0.0,0.5079365079365079,0.0,0.0,,0.0,0.5993467537479669,,,"[[31, 0], [32, 0]]",4,all_features,majority_class,16,0.5,0.5396825396825397,,
63,0.5534274193548387,0.5396825396825397,0.5423387096774194,0.5714285714285714,0.375,0.4528301886792453,0.2518257191259249,0.3333333333333333,0.0013061206485633224,1.2337095609413493,-0.12187925706514868,0.3073275078827309,0.2714077125094091,,"[[22, 9], [20, 12]]",4,all_features,logistic_regression,16,0.5299188640973631,0.5634920634920635,0.581496448688162,0.12778904665314061
63,0.5090725806451613,0.5079365079365079,0.5080645161290323,0.5161290322580645,0.5,0.5079365079365079,0.24987828850934488,0.49206349206349204,0.000888744765976754,0.6984361419427441,-0.10553297905377634,0.5,0.36509425218354313,,"[[16, 15], [16, 16]]",4,all_features,random_forest,16,0.5806288032454361,0.5714285714285714,0.5324383086108933,0.175456389452328
63,0.5493951612903225,0.5396825396825397,0.5403225806451613,0.5517241379310345,0.5,0.5245901639344263,,0.4603174603174603,0.0019169890032828855,1.6184029287745056,-0.13198947891278645,0.3073275078827309,0.2125919093081854,,"[[18, 13], [16, 16]]",4,all_features,svm_linear,16,0.5524847870182557,0.5555555555555556,0.6270135988396426,0.1359026369168318
63,0.5,0.5555555555555556,0.5,0.0,0.0,0.0,0.4444444444444444,0.0,0.0,,0.0,0.22498126814511127,,,"[[35, 0], [28, 0]]",5,all_features,majority_class,16,0.5,0.5079365079365079,,
63,0.3806122448979592,0.3968253968253968,0.4285714285714286,0.4,0.7142857142857143,0.5128205128205128,0.26478357116229884,0.7936507936507936,-0.0030425622849320267,-2.371874974450725,-0.26849172058877535,0.9615370831951954,0.878051290229183,,"[[5, 30], [8, 20]]",5,all_features,logistic_regression,16,0.517641129032258,0.5555555555555556,0.5033723468892866,0.11895161290322342
63,0.4122448979591837,0.4603174603174603,0.5142857142857142,0.45161290322580644,1.0,0.6222222222222222,0.25915352222962235,0.9841269841269841,-0.0018915166150173823,-1.3347429710447491,-0.23474273784979183,0.7750187318548887,0.7448048973715709,,"[[1, 34], [0, 28]]",5,all_features,random_forest,16,0.5133568548387097,0.5317460317460317,0.44190198583605134,0.07762096774193372
63,0.3653061224489796,0.42857142857142855,0.45357142857142857,0.41304347826086957,0.6785714285714286,0.5135135135135135,,0.7301587301587301,-0.002422564066610993,-1.919169897632944,-0.24865533783696092,0.8963160500715729,0.8275877403472818,,"[[8, 27], [9, 19]]",5,all_features,svm_linear,16,0.5441028225806451,0.5555555555555556,0.4293172051712886,0.11743951612903003
63,0.5,0.5079365079365079,0.5,0.0,0.0,0.0,0.49206349206349204,0.0,0.0,,0.0,0.5,,,"[[32, 0], [31, 0]]",6,all_features,majority_class,16,0.5,0.5238095238095238,,
63,0.5483870967741935,0.5079365079365079,0.5126008064516129,0.5,0.8064516129032258,0.6172839506172839,0.24906790518855454,0.7936507936507936,-0.0017656475227635364,-0.7262392382942462,-0.32912027779233377,0.5,0.6400488585137792,,"[[7, 25], [6, 25]]",6,all_features,logistic_regression,16,0.46616161616161617,0.5,0.45181361853021973,0.042424242424240255
63,0.6028225806451613,0.5079365079365079,0.514616935483871,0.5,0.9354838709677419,0.651685393258427,0.24409864273413817,0.9206349206349206,-0.003084478923973764,-1.185524769962724,-0.3213955934600501,0.5,0.720679005162653,,"[[3, 29], [2, 29]]",6,all_features,random_forest,16,0.45707070707070707,0.5,0.43158893034443735,0.042424242424240255
63,0.5463709677419355,0.5238095238095238,0.5252016129032258,0.5135135135135135,0.6129032258064516,0.5588235294117647,,0.5873015873015873,-0.002299396414062256,-1.5966112555901353,-0.20589349993656803,0.40065324625203314,0.7842936695685734,,"[[14, 18], [12, 19]]",6,all_features,svm_linear,16,0.4636363636363636,0.5158730158730159,0.0622753118111313,0.06969696969696704
63,0.5,0.3968253968253968,0.5,0.0,0.0,0.0,0.6031746031746031,0.0,0.0,,0.0,0.9615370831951954,,,"[[25, 0], [38, 0]]",7,all_features,majority_class,16,0.5,0.5317460317460317,,
63,0.5463157894736842,0.5714285714285714,0.5489473684210526,0.6410256410256411,0.6578947368421053,0.6493506493506493,0.26121606974548633,0.6190476190476191,0.007906368345126239,5.798774878590502,-0.0558886111313841,0.15675152664822642,0.002754937746796575,,"[[11, 14], [13, 25]]",7,all_features,logistic_regression,16,0.45408550467998987,0.5079365079365079,0.46013484464595666,0.0604604098153273
63,0.4136842105263158,0.3968253968253968,0.4931578947368421,0.5,0.02631578947368421,0.05,0.2592806163784377,0.031746031746031744,-0.0002798462791330905,-1.7924348099628558,-0.019689534434159883,0.9615370831951954,0.8113006055315615,,"[[24, 1], [37, 1]]",7,all_features,random_forest,16,0.4715406020743738,0.5793650793650794,0.5409430733203622,0.1340753857829469
63,0.5284210526315789,0.5396825396825397,0.5363157894736843,0.6363636363636364,0.5526315789473685,0.5915492957746479,,0.5238095238095238,0.0067271374071817495,5.065109608860738,-0.043165691086929026,0.3073275078827309,0.007304153976921013,,"[[13, 12], [17, 21]]",7,all_features,svm_linear,16,0.45459144953200104,0.5079365079365079,-0.18873185357844355,0.0604604098153273
63,0.5,0.49206349206349204,0.5,0.0,0.0,0.0,0.5079365079365079,0.0,0.0,,0.0,0.5993467537479669,,,"[[31, 0], [32, 0]]",8,all_features,majority_class,16,0.5,0.4523809523809524,,
63,0.5483870967741935,0.5396825396825397,0.5393145161290323,0.5454545454545454,0.5625,0.5538461538461539,0.25233711604760667,0.5238095238095238,0.005128984645646813,2.775288510733202,-0.054409626711173886,0.3073275078827309,0.08679551090578802,,"[[16, 15], [14, 18]]",8,all_features,logistic_regression,16,0.555301296720061,0.5873015873015873,0.48128132667706774,0.16704805491990748
63,0.6108870967741935,0.6031746031746031,0.607358870967742,0.7333333333333333,0.34375,0.46808510638297873,0.24739008939687684,0.23809523809523808,0.00564306648211673,3.246769891052275,-0.011473593473024457,0.06495896151127627,0.05618991689256663,,"[[27, 4], [21, 11]]",8,all_features,random_forest,16,0.5113145181795068,0.5317460317460317,0.5207474104130061,0.11136536994660468
63,0.5735887096774194,0.5714285714285714,0.5720766129032258,0.5862068965517241,0.53125,0.5573770491803278,,0.4603174603174603,0.0055372497036865875,3.0352971359507865,-0.0440060653832518,0.15675152664822642,0.0686296468669574,,"[[19, 12], [15, 17]]",8,all_features,svm_linear,16,0.5293668954996187,0.5555555555555556,0.039166260309052264,0.12128146453089195
63,0.5,0.42857142857142855,0.5,0.0,0.0,0.0,0.5714285714285714,0.0,0.0,,0.0,0.8963160500715729,,,"[[27, 0], [36, 0]]",9,all_features,majority_class,16,0.5,0.4444444444444444,,
63,0.5617283950617284,0.5079365079365079,0.5231481481481481,0.6,0.4166666666666667,0.4918032786885246,0.2529717959351728,0.3968253968253968,0.0031462863719179984,2.2447776473509906,-0.14104057256986968,0.5,0.13490769901323524,,"[[17, 10], [21, 15]]",9,all_features,logistic_regression,16,0.5660714285714287,0.5634920634920635,0.4914850908377398,0.14999999999999902
63,0.49074074074074076,0.4603174603174603,0.5138888888888888,0.625,0.1388888888888889,0.22727272727272727,0.2538030431588608,0.12698412698412698,0.0017937915029868049,2.188659040642357,-0.032882248535889835,0.7750187318548887,0.14092740897325312,,"[[24, 3], [31, 5]]",9,all_features,random_forest,16,0.5028061224489796,0.5,0.5294299129809964,0.07857142857142786
63,0.5421810699588477,0.49206349206349204,0.4861111111111111,0.5588235294117647,0.5277777777777778,0.5428571428571428,,0.5396825396825397,0.0018452525118125523,1.1585876208699204,-0.12023417336123576,0.5993467537479669,0.283794335024267,,"[[12, 15], [17, 19]]",9,all_features,svm_linear,16,0.5676020408163265,0.5793650793650794,-0.1841794536995057,0.16071428571428492
63,0.5,0.42857142857142855,0.5,0.0,0.0,0.0,0.5714285714285714,0.0,0.0,,0.0,0.8963160500715729,,,"[[27, 0], [36, 0]]",1,market_only,majority_class,7,0.5,0.4365079365079365,,
63,0.4495884773662552,0.38095238095238093,0.4398148148148148,0.2,0.027777777777777776,0.04878048780487805,0.2541983648563849,0.07936507936507936,-0.000682902725465565,-1.8904638577060977,-0.03792623505124515,0.9785217272378054,0.8239814412187163,,"[[23, 4], [35, 1]]",1,market_only,logistic_regression,7,0.47298335467349556,0.48412698412698413,0.5587798035382013,0.043533930857874686
63,0.411522633744856,0.4603174603174603,0.4583333333333333,0.53125,0.4722222222222222,0.5,0.25985521467065936,0.5079365079365079,0.002736419021724895,1.8040945994576043,-0.08736654204997618,0.7750187318548887,0.18716155269297458,,"[[12, 15], [19, 17]]",1,market_only,random_forest,7,0.4781049935979513,0.48412698412698413,0.5486097556911483,0.0312419974391811
63,0.4269547325102881,0.3968253968253968,0.4444444444444444,0.4,0.1111111111111111,0.17391304347826086,,0.15873015873015872,0.001213905579881279,1.3769798449829296,-0.03792623505124504,0.9615370831951954,0.24857437676811273,,"[[21, 6], [32, 4]]",1,market_only,svm_linear,7,0.49039692701664533,0.5158730158730159,0.703464535313634,0.07119078104993626
63,0.5,0.5555555555555556,0.5,0.0,0.0,0.0,0.4444444444444444,0.0,0.0,,0.0,0.22498126814511127,,,"[[35, 0], [28, 0]]",2,market_only,majority_class,7,0.5,0.4523809523809524,,
63,0.5163265306122449,0.47619047619047616,0.4392857142857143,0.2727272727272727,0.10714285714285714,0.15384615384615385,0.2556225390491648,0.1746031746031746,-0.002782829710950932,-2.147158368791931,-0.25323574730911247,0.6926724921172691,0.8545025253692144,,"[[27, 8], [25, 3]]",2,market_only,logistic_regression,7,0.42944317315026703,0.4603174603174603,0.5742893240289897,0.005339435545385289
63,0.6051020408163266,0.5714285714285714,0.5214285714285715,0.6666666666666666,0.07142857142857142,0.12903225806451613,0.2520996546341233,0.047619047619047616,0.0014333823842131968,1.9584902794042927,-0.022024453096382235,0.15675152664822642,0.16755141753691855,,"[[34, 1], [26, 2]]",2,market_only,random_forest,7,0.4535977625222476,0.4603174603174603,0.6029195753103973,0.005339435545385289
63,0.5510204081632653,0.47619047619047616,0.4357142857142857,0.2222222222222222,0.07142857142857142,0.10810810810810811,,0.14285714285714285,-0.0038119090849403877,-4.138997070844765,-0.21938958756209692,0.6926724921172691,0.9778512404916156,,"[[28, 7], [26, 2]]",2,market_only,svm_linear,7,0.41800152555301295,0.4603174603174603,1.0176749199272521,0.005339435545385289
63,0.5,0.5238095238095238,0.5,0.0,0.0,0.0,0.47619047619047616,0.0,0.0,,0.0,0.40065324625203314,,,"[[33, 0], [30, 0]]",3,market_only,majority_class,7,0.5,0.49206349206349204,,
63,0.608080808080808,0.47619047619047616,0.5,0.47619047619047616,1.0,0.6451612903225806,0.2515187579191227,1.0,0.0009878891162221392,0.5524093652927303,-0.18116853486249096,0.6926724921172691,0.39249626092898077,,"[[0, 33], [0, 30]]",3,market_only,logistic_regression,7,0.516633064516129,0.5873015873015873,0.5080491635557186,0.16834677419354616
63,0.37979797979797975,0.4444444444444444,0.46212121212121215,0.45454545454545453,0.8333333333333334,0.5882352941176471,0.26503677562868955,0.873015873015873,0.0006407066651125254,0.43451515532614843,-0.10749951468157792,0.8432484733517736,0.4150321868177611,,"[[3, 30], [5, 25]]",3,market_only,random_forest,7,0.4866431451612903,0.5158730158730159,0.5484591609300263,0.03477822580645129
63,0.5818181818181818,0.47619047619047616,0.5,0.47619047619047616,1.0,0.6451612903225806,,1.0,0.0009878891162221392,0.5524093652927303,-0.18116853486249096,0.6926724921172691,0.39249626092898077,,"[[0, 33], [0, 30]]",3,market_only,svm_linear,7,0.5163810483870968,0.5714285714285714,0.07834829779384836,0.1350806451612886
63,0.5,0.49206349206349204,0.5,0.0,0.0,0.0,0.5079365079365079,0.0,0.0,,0.0,0.5993467537479669,,,"[[31, 0], [32, 0]]",4,market_only,majority_class,7,0.5,0.5396825396825397,,
63,0.503024193548387,0.42857142857142855,0.4339717741935484,0.3,0.09375,0.14285714285714285,0.25251427412831934,0.15873015873015872,-0.0014994762709761062,-1.9040590764444643,-0.10584325693528696,0.8963160500715729,0.8256954470124219,,"[[24, 7], [29, 3]]",4,market_only,logistic_regression,7,0.5747971602434077,0.5873015873015873,0.5687929580256343,0.13640973630831355
63,0.4889112903225807,0.47619047619047616,0.4793346774193548,0.47368421052631576,0.28125,0.35294117647058826,0.2520077146234056,0.30158730158730157,-0.0006801712823906377,-0.5445201869357742,-0.10553297905377623,0.6926724921172691,0.6060062434144264,,"[[21, 10], [23, 9]]",4,market_only,random_forest,7,0.6082657200811359,0.5714285714285714,0.5456192121160559,0.175456389452328
63,0.4969758064516128,0.4603174603174603,0.46774193548387094,0.0,0.0,0.0,,0.031746031746031744,-0.000741372253385716,-2.525475972398916,-0.04631708390953648,0.7750187318548887,0.8924860496945488,,"[[29, 2], [32, 0]]",4,market_only,svm_linear,7,0.5727687626774848,0.5634920634920635,1.0093626183687863,0.1201825557809299
63,0.5,0.5555555555555556,0.5,0.0,0.0,0.0,0.4444444444444444,0.0,0.0,,0.0,0.22498126814511127,,,"[[35, 0], [28, 0]]",5,market_only,majority_class,7,0.5,0.5079365079365079,,
63,0.41938775510204085,0.4126984126984127,0.4642857142857143,0.4262295081967213,0.9285714285714286,0.5842696629213483,0.2579046916657506,0.9682539682539683,-0.004245805252932949,-2.593466825269718,-0.340186443148941,0.9350410384887238,0.8984568818878819,,"[[0, 35], [2, 26]]",5,market_only,logistic_regression,7,0.515625,0.5476190476190477,0.5020900075529381,0.10786290322580416
63,0.5561224489795918,0.4603174603174603,0.5071428571428571,0.4482758620689655,0.9285714285714286,0.6046511627906976,0.2535998777217673,0.9206349206349206,-0.0017007735057510936,-1.2160945071795246,-0.2286507113197308,0.7750187318548887,0.7257127148025042,,"[[3, 32], [2, 26]]",5,market_only,random_forest,7,0.4876512096774194,0.5317460317460317,0.48636002755296237,0.0761088709677401
63,0.45204081632653065,0.47619047619047616,0.4392857142857143,0.2727272727272727,0.10714285714285714,0.15384615384615385,,0.1746031746031746,-0.0027508951092780573,-3.658896566972811,-0.19723162645268832,0.6926724921172691,0.9628092324356318,,"[[27, 8], [25, 3]]",5,market_only,svm_linear,7,0.5120967741935483,0.5634920634920635,0.9412687226741753,0.11441532258064327
63,0.5,0.5079365079365079,0.5,0.0,0.0,0.0,0.49206349206349204,0.0,0.0,,0.0,0.5,,,"[[32, 0], [31, 0]]",6,market_only,majority_class,7,0.5,0.5238095238095238,,
63,0.46875,0.4444444444444444,0.4495967741935484,0.46153846153846156,0.7741935483870968,0.5783132530120482,0.2552473889446308,0.8253968253968254,-0.007402302267003262,-3.968810896093245,-0.3879664342616418,0.8432484733517736,0.9732627150258312,,"[[4, 28], [7, 24]]",6,market_only,logistic_regression,7,0.4674242424242424,0.5,0.48798573691757674,0.042424242424240255
63,0.625,0.5555555555555556,0.5514112903225806,0.6,0.2903225806451613,0.391304347826087,0.24548705282271255,0.23809523809523808,-0.0004505651308657695,-0.44310702612991376,-0.11626056665422901,0.22498126814511127,0.5866208888558291,,"[[26, 6], [22, 9]]",6,market_only,random_forest,7,0.48813131313131314,0.5396825396825397,0.5299897272494065,0.060606060606059164
63,0.4979838709677419,0.4444444444444444,0.4495967741935484,0.46153846153846156,0.7741935483870968,0.5783132530120482,,0.8253968253968254,-0.007402302267003262,-3.968810896093245,-0.3879664342616418,0.8432484733517736,0.9732627150258312,,"[[4, 28], [7, 24]]",6,market_only,svm_linear,7,0.4618686868686869,0.5,0.011342777394775794,0.042424242424240255
63,0.5,0.3968253968253968,0.5,0.0,0.0,0.0,0.6031746031746031,0.0,0.0,,0.0,0.9615370831951954,,,"[[25, 0], [38, 0]]",7,market_only,majority_class,7,0.5,0.5317460317460317,,
63,0.46736842105263154,0.5396825396825397,0.4747368421052632,0.5882352941176471,0.7894736842105263,0.6741573033707865,0.26435382222399156,0.8095238095238095,0.006863605988795446,4.607735926698064,-0.06394393932599629,0.3073275078827309,0.012857122368175392,,"[[4, 21], [8, 30]]",7,market_only,logistic_regression,7,0.4148747786491273,0.4603174603174603,0.42951515565198434,-0.02302049076650803
63,0.5221052631578947,0.5079365079365079,0.5373684210526316,0.6521739130434783,0.39473684210526316,0.4918032786885246,0.2575060905216956,0.36507936507936506,0.00601487067655465,5.155324820960786,-0.036777910919911005,0.5,0.006507653559508592,,"[[17, 8], [23, 15]]",7,market_only,random_forest,7,0.5527447508221603,0.5634920634920635,0.49373568947645136,0.15886668353149092
63,0.4936842105263157,0.4126984126984127,0.5131578947368421,1.0,0.02631578947368421,0.05128205128205128,,0.015873015873015872,0.0013396324791646603,2.0160645150967413,0.0,0.9350410384887238,0.16059874123158413,,"[[25, 0], [37, 1]]",7,market_only,svm_linear,7,0.45484442195800656,0.5158730158730159,0.8012132954139175,-0.005565393372122779
63,0.5,0.49206349206349204,0.5,0.0,0.0,0.0,0.5079365079365079,0.0,0.0,,0.0,0.5993467537479669,,,"[[31, 0], [32, 0]]",8,market_only,majority_class,7,0.5,0.4523809523809524,,
63,0.5725806451612904,0.5714285714285714,0.5756048387096775,0.6666666666666666,0.3125,0.425531914893617,0.2532389967710988,0.23809523809523808,0.004032435958714671,2.229019882650808,-0.0694841966737848,0.15675152664822642,0.13657946418709965,,"[[26, 5], [22, 10]]",8,market_only,logistic_regression,7,0.4340198321891686,0.5,0.5128120763120569,0.05644546147978616
63,0.5866935483870968,0.49206349206349204,0.49747983870967744,0.5,0.15625,0.23809523809523808,0.24844506901753438,0.15873015873015872,0.00020687127546113165,0.43468360404172357,-0.04031354824436095,0.5993467537479669,0.41499976237182046,,"[[26, 5], [27, 5]]",8,market_only,random_forest,7,0.5664886854818206,0.5634920634920635,0.5090068073463798,0.17543859649122606
63,0.5776209677419355,0.47619047619047616,0.48336693548387094,0.3333333333333333,0.03125,0.05714285714285714,,0.047619047619047616,6.160102890393495e-05,0.3545637591114799,-0.014483572169662673,0.6926724921172691,0.43048491233195585,,"[[29, 2], [31, 1]]",8,market_only,svm_linear,7,0.44012204424103735,0.47619047619047616,0.7711999365842664,0.037376048817695996
63,0.5,0.42857142857142855,0.5,0.0,0.0,0.0,0.5714285714285714,0.0,0.0,,0.0,0.8963160500715729,,,"[[27, 0], [36, 0]]",9,market_only,majority_class,7,0.5,0.4444444444444444,,
63,0.5216049382716049,0.4444444444444444,0.5,0.5714285714285714,0.1111111111111111,0.18604651162790697,0.2592508880277658,0.1111111111111111,0.0016227147835417984,2.4556462899308262,-0.03306136970149831,0.8432484733517736,0.11391201829764709,,"[[24, 3], [32, 4]]",9,market_only,logistic_regression,7,0.5155612244897959,0.5,0.5165295752367963,0.09999999999999858
63,0.5267489711934157,0.5396825396825397,0.5601851851851852,0.6521739130434783,0.4166666666666667,0.5084745762711864,0.25408452281204896,0.36507936507936506,0.004264809602781698,3.620092603550029,-0.06870355810571438,0.3073275078827309,0.03871386505730945,,"[[19, 8], [21, 15]]",9,market_only,random_forest,7,0.5803571428571429,0.5952380952380952,0.4911938738577626,0.20357142857142696
63,0.5462962962962963,0.5714285714285714,0.5509259259259259,0.6097560975609756,0.6944444444444444,0.6493506493506493,,0.6507936507936508,0.0006648576070069958,0.4104889789625898,-0.12095505857729472,0.15675152664822642,0.419662917254878,,"[[11, 16], [11, 25]]",9,market_only,svm_linear,7,0.5219387755102041,0.5476190476190477,-0.19634507811948773,0.08571428571428635
63,0.5,0.42857142857142855,0.5,0.0,0.0,0.0,0.5714285714285714,0.0,0.0,,0.0,0.8963160500715729,,,"[[27, 0], [36, 0]]",1,market_macro,majority_class,10,0.5,0.4365079365079365,,
63,0.42592592592592593,0.4126984126984127,0.47685185185185186,0.3333333333333333,0.027777777777777776,0.05128205128205128,0.25639362049779574,0.047619047619047616,-0.00011920304169068258,-0.4616717239827779,-0.017636442464771362,0.9350410384887238,0.5901873321059792,,"[[25, 2], [35, 1]]",1,market_macro,logistic_regression,10,0.4865556978233035,0.47619047619047616,0.5742910922404588,0.041741357234314935
63,0.4495884773662551,0.42857142857142855,0.4305555555555556,0.5,0.4166666666666667,0.45454545454545453,0.2555433558334126,0.47619047619047616,0.004625009564132408,2.922247942397186,-0.08736654204997618,0.8963160500715729,0.07612141734354182,,"[[12, 15], [21, 15]]",1,market_macro,random_forest,10,0.49218950064020484,0.5,0.5380344809600391,0.05121638924455868
63,0.43415637860082307,0.36507936507936506,0.4212962962962963,0.16666666666666666,0.027777777777777776,0.047619047619047616,,0.09523809523809523,-0.0002757564918673238,-1.050036265042643,-0.02576301648380175,0.9887125136633714,0.6978313996878478,,"[[22, 5], [35, 1]]",1,market_macro,svm_linear,10,0.4973111395646607,0.48412698412698413,0.8174951780593133,0.043533930857874686
63,0.5,0.5555555555555556,0.5,0.0,0.0,0.0,0.4444444444444444,0.0,0.0,,0.0,0.22498126814511127,,,"[[35, 0], [28, 0]]",2,market_macro,majority_class,10,0.5,0.4523809523809524,,
63,0.513265306122449,0.5079365079365079,0.46428571428571425,0.2857142857142857,0.07142857142857142,0.11428571428571428,0.2582461471658275,0.1111111111111111,-0.0018288731878762382,-2.0622642703303278,-0.15603319836213392,0.5,0.844838792202438,,"[[30, 5], [26, 2]]",2,market_macro,logistic_regression,10,0.4429188914314773,0.47619047619047616,0.5909979886357986,0.037376048817695996
63,0.5510204081632653,0.5396825396825397,0.48928571428571427,0.3333333333333333,0.03571428571428571,0.06451612903225806,0.254257148642653,0.047619047619047616,-0.002222602367651281,-2.714149754768369,-0.13567172931353277,0.3073275078827309,0.9084400611038299,,"[[33, 2], [27, 1]]",2,market_macro,random_forest,10,0.43707093821510307,0.4603174603174603,0.5990502774231408,0.005339435545385289
63,0.5112244897959184,0.5079365079365079,0.4607142857142857,0.2,0.03571428571428571,0.06060606060606061,,0.07936507936507936,-0.0024255222402606493,-2.954780456813514,-0.15603319836213392,0.5,0.9260971387421387,,"[[31, 4], [27, 1]]",2,market_macro,svm_linear,10,0.4286803966437834,0.47619047619047616,1.0806255162586926,0.037376048817695996
63,0.5,0.5238095238095238,0.5,0.0,0.0,0.0,0.47619047619047616,0.0,0.0,,0.0,0.40065324625203314,,,"[[33, 0], [30, 0]]",3,market_macro,majority_class,10,0.5,0.49206349206349204,,
63,0.5424242424242425,0.5238095238095238,0.5424242424242425,0.5,0.9333333333333333,0.6511627906976745,0.2538686168936627,0.8888888888888888,0.0016106128936294222,0.9310489455197557,-0.1586149336971323,0.40065324625203314,0.3229151594760721,,"[[5, 28], [2, 28]]",3,market_macro,logistic_regression,10,0.49319556451612906,0.5396825396825397,0.5032199983489887,0.0715725806451607
63,0.43535353535353527,0.42857142857142855,0.446969696969697,0.44642857142857145,0.8333333333333334,0.5813953488372093,0.26134965265843746,0.8888888888888888,-0.0011289603215480827,-0.6631928733274358,-0.18116853486249096,0.8963160500715729,0.6283505396220621,,"[[2, 31], [5, 25]]",3,market_macro,random_forest,10,0.49193548387096775,0.5158730158730159,0.5303898576799516,0.031754032258064335
63,0.5313131313131313,0.49206349206349204,0.5136363636363637,0.48333333333333334,0.9666666666666667,0.6444444444444445,,0.9523809523809523,0.0009734945672876922,0.5558949577135708,-0.15861493369713198,0.5993467537479669,0.391835155710368,,"[[2, 31], [1, 29]]",3,market_macro,svm_linear,10,0.48487903225806456,0.5396825396825397,0.1448080863849575,0.0730846774193541
63,0.5,0.49206349206349204,0.5,0.0,0.0,0.0,0.5079365079365079,0.0,0.0,,0.0,0.5993467537479669,,,"[[31, 0], [32, 0]]",4,market_macro,majority_class,10,0.5,0.5396825396825397,,
63,0.6411290322580646,0.6349206349206349,0.6335685483870968,0.6216216216216216,0.71875,0.6666666666666666,0.24316383098320143,0.5873015873015873,0.005362658157131746,3.810116864071977,-0.10584325693528696,0.021478272762194606,0.03172569680432236,,"[[17, 14], [9, 23]]",4,market_macro,logistic_regression,10,0.5398073022312373,0.5714285714285714,0.5389661744346064,0.16784989858011723
63,0.53125,0.47619047619047616,0.47530241935483875,0.4857142857142857,0.53125,0.5074626865671642,0.24807962732625186,0.5555555555555556,0.0013377771908024744,1.0146119734951358,-0.10553297905377634,0.6926724921172691,0.30828112326526375,,"[[13, 18], [15, 17]]",4,market_macro,random_forest,10,0.5555273833671399,0.5634920634920635,0.5232462758494475,0.1759634888438084
63,0.689516129032258,0.5873015873015873,0.5902217741935484,0.65,0.40625,0.5,,0.31746031746031744,0.0026918879643456723,2.2604416950677533,-0.11524959704266946,0.10368394992842711,0.13326017914215219,,"[[24, 7], [19, 13]]",4,market_macro,svm_linear,10,0.531947261663286,0.5476190476190477,0.7179382215969475,0.09584178498985513
63,0.5,0.5555555555555556,0.5,0.0,0.0,0.0,0.4444444444444444,0.0,0.0,,0.0,0.22498126814511127,,,"[[35, 0], [28, 0]]",5,market_macro,majority_class,10,0.5,0.5079365079365079,,
63,0.4785714285714286,0.4603174603174603,0.48214285714285715,0.4318181818181818,0.6785714285714286,0.5277777777777778,0.2565963116210621,0.6984126984126984,-0.002250571660024923,-1.783793704209346,-0.2157373824585055,0.7750187318548887,0.810155773867445,,"[[10, 25], [9, 19]]",5,market_macro,logistic_regression,10,0.594758064516129,0.6031746031746031,0.5170361132131586,0.2111895161290286
63,0.5102040816326531,0.5555555555555556,0.5035714285714286,0.5,0.03571428571428571,0.06666666666666667,0.25594766240328537,0.031746031746031744,0.0001346701212657096,0.4195915632601047,-0.024047240629430644,0.22498126814511127,0.41790713476155333,,"[[34, 1], [27, 1]]",5,market_macro,random_forest,10,0.4964717741935484,0.5317460317460317,0.5808676584152377,0.04939516129032176
63,0.45918367346938777,0.4603174603174603,0.4714285714285714,0.42105263157894735,0.5714285714285714,0.48484848484848486,,0.6031746031746031,-0.003778033789147572,-2.585094182990198,-0.26978916169384226,0.7750187318548887,0.8977352503044718,,"[[13, 22], [12, 16]]",5,market_macro,svm_linear,10,0.587953629032258,0.626984126984127,0.5031834015864076,0.2555443548387053
63,0.5,0.5079365079365079,0.5,0.0,0.0,0.0,0.49206349206349204,0.0,0.0,,0.0,0.5,,,"[[32, 0], [31, 0]]",6,market_macro,majority_class,10,0.5,0.5238095238095238,,
63,0.5413306451612904,0.5873015873015873,0.5877016129032258,0.5757575757575758,0.6129032258064516,0.59375,0.2509520297781543,0.5238095238095238,-0.0006237502489498013,-0.402242566539279,-0.17583849748890612,0.10368394992842711,0.5787450292011395,,"[[18, 14], [12, 19]]",6,market_macro,logistic_regression,10,0.554040404040404,0.5714285714285714,0.5033119494567106,0.16666666666666274
63,0.6370967741935484,0.5873015873015873,0.5897177419354839,0.5609756097560976,0.7419354838709677,0.6388888888888888,0.2434662431549814,0.6507936507936508,0.0009088443336407287,0.3809393492951518,-0.1569437504117377,0.10368394992842711,0.4253738187260051,,"[[14, 18], [8, 23]]",6,market_macro,random_forest,10,0.49772727272727274,0.5158730158730159,0.4825170580323166,0.06060606060605833
63,0.532258064516129,0.5714285714285714,0.5675403225806451,0.625,0.3225806451612903,0.425531914893617,,0.25396825396825395,0.0009912228590425686,0.8103094405168862,-0.11475484607066533,0.15675152664822642,0.3445602246608207,,"[[26, 6], [21, 10]]",6,market_macro,svm_linear,10,0.5525252525252526,0.5793650793650794,0.6022608649371656,0.14999999999999697
63,0.5,0.3968253968253968,0.5,0.0,0.0,0.0,0.6031746031746031,0.0,0.0,,0.0,0.9615370831951954,,,"[[25, 0], [38, 0]]",7,market_macro,majority_class,10,0.5,0.5317460317460317,,
63,0.523157894736842,0.4603174603174603,0.5526315789473684,1.0,0.10526315789473684,0.19047619047619047,0.26398689876288123,0.06349206349206349,0.002829725514927941,3.6194434996364717,0.0,0.7750187318548887,0.03873977932674919,,"[[25, 0], [34, 4]]",7,market_macro,logistic_regression,10,0.49962054136099165,0.5238095238095238,0.5198915262520425,0.041740450290916664
63,0.4242105263157894,0.4444444444444444,0.5394736842105263,1.0,0.07894736842105263,0.14634146341463414,0.26141804561671755,0.047619047619047616,0.0020964116754188904,2.8910159022474304,0.0,0.8432484733517736,0.07829981701831523,,"[[25, 0], [35, 3]]",7,market_macro,random_forest,10,0.5110043005312421,0.5317460317460317,0.5321717824470596,0.04452314697697807
63,0.5284210526315789,0.4126984126984127,0.5131578947368421,1.0,0.02631578947368421,0.05128205128205128,,0.015873015873015872,0.0013396324791646603,2.0160645150967413,0.0,0.9350410384887238,0.16059874123158413,,"[[25, 0], [37, 1]]",7,market_macro,svm_linear,10,0.4981027068049583,0.5476190476190477,0.6374019940260053,0.06425499620541206
63,0.5,0.49206349206349204,0.5,0.0,0.0,0.0,0.5079365079365079,0.0,0.0,,0.0,0.5993467537479669,,,"[[31, 0], [32, 0]]",8,market_macro,majority_class,10,0.5,0.4523809523809524,,
63,0.5695564516129032,0.49206349206349204,0.4954637096774194,0.5,0.28125,0.36,0.24858552303886788,0.2857142857142857,0.001693000622002543,2.911003128958415,-0.03959349497461939,0.5993467537479669,0.07690022270435087,,"[[22, 9], [23, 9]]",8,market_macro,logistic_regression,10,0.5283498601576405,0.5476190476190477,0.5045310797508864,0.12509534706330955
63,0.6290322580645162,0.5396825396825397,0.5357862903225806,0.5319148936170213,0.78125,0.6329113924050633,0.2455794394236731,0.746031746031746,0.0033289204329288637,1.5390330114656023,-0.18622562207779214,0.3073275078827309,0.22406454366464656,,"[[9, 22], [7, 25]]",8,market_macro,random_forest,10,0.5502161200101704,0.5952380952380952,0.47670292757809185,0.14492753623188404
63,0.5574596774193548,0.5238095238095238,0.5297379032258065,0.625,0.15625,0.25,,0.12698412698412698,0.001119877911637459,3.3201361562109972,-0.011719342736323024,0.40065324625203314,0.05232541254047722,,"[[28, 3], [27, 5]]",8,market_macro,svm_linear,10,0.5120772946859904,0.5079365079365079,0.5835285982745083,0.08314263920671157
63,0.5,0.42857142857142855,0.5,0.0,0.0,0.0,0.5714285714285714,0.0,0.0,,0.0,0.8963160500715729,,,"[[27, 0], [36, 0]]",9,market_macro,majority_class,10,0.5,0.4444444444444444,,
63,0.5195473251028806,0.5079365079365079,0.5046296296296297,0.5757575757575758,0.5277777777777778,0.5507246376811594,0.2576097460737421,0.5238095238095238,0.0024498582871629636,1.549758846477151,-0.15800919105016797,0.5,0.22249341515610116,,"[[13, 14], [17, 19]]",9,market_macro,logistic_regression,10,0.5520408163265307,0.5793650793650794,0.4724032175865215,0.14999999999999958
63,0.5092592592592593,0.5238095238095238,0.5509259259259259,0.65,0.3611111111111111,0.4642857142857143,0.256296544817677,0.31746031746031744,0.0026237891110771497,2.364014633674355,-0.09113977247619098,0.40065324625203314,0.1227232395614111,,"[[20, 7], [23, 13]]",9,market_macro,random_forest,10,0.5405612244897959,0.5634920634920635,0.4951732108129482,0.13928571428571374
63,0.5308641975308641,0.5238095238095238,0.5231481481481481,0.59375,0.5277777777777778,0.5588235294117647,,0.5079365079365079,0.00014205397429368585,0.08766199137652471,-0.23161654572474044,0.40065324625203314,0.48272862865344657,,"[[14, 13], [17, 19]]",9,market_macro,svm_linear,10,0.5448979591836735,0.5793650793650794,-0.23828886405487182,0.14999999999999958
63,0.5,0.42857142857142855,0.5,0.0,0.0,0.0,0.5714285714285714,0.0,0.0,,0.0,0.8963160500715729,,,"[[27, 0], [36, 0]]",1,alternative_only,majority_class,6,0.5,0.4365079365079365,,
63,0.3888888888888889,0.42857142857142855,0.4351851851851852,0.5,0.3888888888888889,0.4375,0.28442871302449246,0.4444444444444444,0.0020827555672513778,1.9143241475693151,-0.08071598151276027,0.8963160500715729,0.17301761455484888,,"[[13, 14], [22, 14]]",1,alternative_only,logistic_regression,6,0.5551856594110116,0.5555555555555556,0.5102121625208164,0.13751600512163836
63,0.3765432098765432,0.4603174603174603,0.4537037037037037,0.5294117647058824,0.5,0.5142857142857142,0.2706101847395274,0.5396825396825397,0.0018746020395360966,1.463825644505742,-0.09243312485943045,0.7750187318548887,0.23526072909883688,,"[[11, 16], [18, 18]]",1,alternative_only,random_forest,6,0.48758002560819463,0.5396825396825397,0.5048158982551835,0.06837387964148645
63,0.4228395061728395,0.4603174603174603,0.4583333333333333,0.53125,0.4722222222222222,0.5,,0.5079365079365079,0.002070674156895094,1.6881479917413922,-0.08071598151276027,0.7750187318548887,0.20280654159722478,,"[[12, 15], [19, 17]]",1,alternative_only,svm_linear,6,0.5449423815620998,0.5952380952380952,0.12044079994114465,0.16696542893725974
63,0.5,0.5555555555555556,0.5,0.0,0.0,0.0,0.4444444444444444,0.0,0.0,,0.0,0.22498126814511127,,,"[[35, 0], [28, 0]]",2,alternative_only,majority_class,6,0.5,0.4523809523809524,,
63,0.510204081632653,0.5714285714285714,0.5392857142857144,0.5384615384615384,0.25,0.34146341463414637,0.2562802152198967,0.20634920634920634,0.0006320666644422556,0.6837433337996993,-0.09942906138104901,0.15675152664822642,0.3678223212855594,,"[[29, 6], [21, 7]]",2,alternative_only,logistic_regression,6,0.463768115942029,0.47619047619047616,0.5640093933815782,0.037376048817695996
63,0.5040816326530613,0.5396825396825397,0.4928571428571428,0.4,0.07142857142857142,0.12121212121212122,0.25092643778168205,0.07936507936507936,-0.0010480797102983617,-2.0991574845538503,-0.06581422923655234,0.3073275078827309,0.8490905708212759,,"[[32, 3], [26, 2]]",2,alternative_only,random_forest,6,0.43808797355708123,0.47619047619047616,0.5591897215670448,0.037376048817695996
63,0.523469387755102,0.5714285714285714,0.5357142857142857,0.5454545454545454,0.21428571428571427,0.3076923076923077,,0.1746031746031746,0.0002841029978966889,0.33333965161878204,-0.08183863699633143,0.15675152664822642,0.43460646844664086,,"[[30, 5], [22, 6]]",2,alternative_only,svm_linear,6,0.47266717518433765,0.49206349206349204,0.7479060348767057,0.06941266209000668
63,0.5,0.5238095238095238,0.5,0.0,0.0,0.0,0.47619047619047616,0.0,0.0,,0.0,0.40065324625203314,,,"[[33, 0], [30, 0]]",3,alternative_only,majority_class,6,0.5,0.49206349206349204,,
63,0.4777777777777777,0.5555555555555556,0.5409090909090909,0.5833333333333334,0.23333333333333334,0.3333333333333333,0.2624292454968985,0.19047619047619047,6.804351040896179e-05,0.12186345755718805,-0.04526786126271265,0.22498126814511127,0.47599734054848286,,"[[28, 5], [23, 7]]",3,alternative_only,logistic_regression,6,0.452116935483871,0.5,0.5855007881294831,0.012600806451612767
63,0.5040404040404041,0.49206349206349204,0.47424242424242424,0.375,0.1,0.15789473684210525,0.2529886362022589,0.12698412698412698,-0.0016084917176862792,-3.0970105070318663,-0.09842870125062753,0.5993467537479669,0.93520724167125,,"[[28, 5], [27, 3]]",3,alternative_only,random_forest,6,0.4652217741935484,0.5158730158730159,0.5630408305191354,0.04586693548387028
63,0.48282828282828283,0.4444444444444444,0.43939393939393934,0.4,0.3333333333333333,0.36363636363636365,,0.3968253968253968,-0.0022059840279534683,-1.8773718237821335,-0.19314786093671643,0.8432484733517736,0.8223205778058431,,"[[18, 15], [20, 10]]",3,alternative_only,svm_linear,6,0.4742943548387097,0.5238095238095238,0.3906873385028273,0.053931451612902526
63,0.5,0.49206349206349204,0.5,0.0,0.0,0.0,0.5079365079365079,0.0,0.0,,0.0,0.5993467537479669,,,"[[31, 0], [32, 0]]",4,alternative_only,majority_class,6,0.5,0.5396825396825397,,
63,0.41330645161290325,0.49206349206349204,0.49899193548387094,0.5,0.0625,0.1111111111111111,0.25910305150969554,0.06349206349206349,0.0003794100583653413,1.4751304734506816,-0.015669879061284253,0.5993467537479669,0.2335578156214323,,"[[29, 2], [30, 2]]",4,alternative_only,logistic_regression,6,0.5101419878296146,0.5634920634920635,0.5756341467778783,0.07200811359026213
63,0.4546370967741935,0.5079365079365079,0.5015120967741935,0.5087719298245614,0.90625,0.651685393258427,0.2567840041266211,0.9047619047619048,-0.00016334911710432659,-0.09645173270367716,-0.15405154235381646,0.5,0.5190018658746168,,"[[3, 28], [3, 29]]",4,alternative_only,random_forest,6,0.5038032454361054,0.5,0.4544633790634784,0.0633874239350879
63,0.436491935483871,0.47619047619047616,0.48286290322580644,0.4,0.0625,0.10810810810810811,,0.07936507936507936,0.0003458550973533413,1.3408443275380768,-0.01775071606763945,0.6926724921172691,0.2542328977523033,,"[[28, 3], [30, 2]]",4,alternative_only,svm_linear,6,0.521551724137931,0.5714285714285714,0.830979383726743,0.09685598377281737
63,0.5,0.5555555555555556,0.5,0.0,0.0,0.0,0.4444444444444444,0.0,0.0,,0.0,0.22498126814511127,,,"[[35, 0], [28, 0]]",5,alternative_only,majority_class,6,0.5,0.5079365079365079,,
63,0.41836734693877553,0.49206349206349204,0.4464285714285714,0.16666666666666666,0.03571428571428571,0.058823529411764705,0.25775801329396003,0.09523809523809523,-0.0014272462597625397,-3.0047836258940888,-0.08979937269324811,0.5993467537479669,0.9294080285543693,,"[[30, 5], [27, 1]]",5,alternative_only,logistic_regression,6,0.455141129032258,0.5317460317460317,0.5705795227797599,0.05090725806451525
63,0.43469387755102046,0.4603174603174603,0.5071428571428571,0.4482758620689655,0.9285714285714286,0.6046511627906976,0.2587118118040562,0.9206349206349206,-0.0017924941134223411,-1.331867970451399,-0.25210095092560003,0.7750187318548887,0.7443508246654091,,"[[3, 32], [2, 26]]",5,alternative_only,random_forest,6,0.47958669354838707,0.5317460317460317,0.4630983740450867,0.07459677419354671
63,0.3938775510204082,0.4603174603174603,0.41785714285714287,0.125,0.03571428571428571,0.05555555555555555,,0.12698412698412698,-0.0019630321284402237,-3.844147981922462,-0.11830289176835096,0.7750187318548887,0.9694058104486837,,"[[28, 7], [27, 1]]",5,alternative_only,svm_linear,6,0.4576612903225806,0.5158730158730159,0.7609664431762317,0.02066532258064474
63,0.5,0.5079365079365079,0.5,0.0,0.0,0.0,0.49206349206349204,0.0,0.0,,0.0,0.5,,,"[[32, 0], [31, 0]]",6,alternative_only,majority_class,6,0.5,0.5238095238095238,,
63,0.5070564516129032,0.5555555555555556,0.560483870967742,0.5294117647058824,0.8709677419354839,0.6585365853658537,0.24624539477096954,0.8095238095238095,-0.0020280390110693223,-0.812816116359662,-0.3291202777923339,0.22498126814511127,0.6558948096848114,,"[[8, 24], [4, 27]]",6,alternative_only,logistic_regression,6,0.4017676767676768,0.5,0.4650789616317041,0.037878787878785736
63,0.5423387096774194,0.5238095238095238,0.5282258064516129,0.5102040816326531,0.8064516129032258,0.625,0.24699683213622944,0.7777777777777778,-0.0037814054876322734,-1.476518283109908,-0.3579373750924745,0.40065324625203314,0.7666507547835233,,"[[8, 24], [6, 25]]",6,alternative_only,random_forest,6,0.44722222222222224,0.49206349206349204,0.485882680554737,0.007575757575756237
63,0.4879032258064516,0.5555555555555556,0.560483870967742,0.5294117647058824,0.8709677419354839,0.6585365853658537,,0.8095238095238095,-0.0009358444640490238,-0.391081377785448,-0.2599499942058747,0.22498126814511127,0.5765881512010196,,"[[8, 24], [4, 27]]",6,alternative_only,svm_linear,6,0.4005050505050505,0.48412698412698413,-0.4448706870725951,0.006060606060604434
63,0.5,0.3968253968253968,0.5,0.0,0.0,0.0,0.6031746031746031,0.0,0.0,,0.0,0.9615370831951954,,,"[[25, 0], [38, 0]]",7,alternative_only,majority_class,6,0.5,0.5317460317460317,,
63,0.5547368421052631,0.5873015873015873,0.4936842105263158,0.6,0.9473684210526315,0.7346938775510204,0.24918399042594666,0.9523809523809523,0.009535325768081705,6.095366919371214,-0.06394393932599618,0.10368394992842711,0.00181613186937328,,"[[1, 24], [2, 36]]",7,alternative_only,logistic_regression,6,0.42954717935745007,0.5079365079365079,0.4248024436014374,0.07260308626359402
63,0.4663157894736842,0.38095238095238093,0.46631578947368424,0.4,0.05263157894736842,0.09302325581395349,0.24944074373460118,0.07936507936507936,-0.0003233306683537095,-0.9734248451905676,-0.050236521103492415,0.9785217272378054,0.684542984437847,,"[[22, 3], [36, 2]]",7,alternative_only,random_forest,6,0.4578800910700734,0.5396825396825397,0.5547045688357115,0.02302049076650596
63,0.5442105263157895,0.5873015873015873,0.5142105263157895,0.6111111111111112,0.868421052631579,0.717391304347826,,0.8571428571428571,0.008850227309064596,5.9038380693852766,-0.08793632590890621,0.10368394992842711,0.0023802922793061433,,"[[4, 21], [5, 33]]",7,alternative_only,svm_linear,6,0.4146218062231217,0.5079365079365079,-0.3998008026881737,0.0604604098153273
63,0.5,0.49206349206349204,0.5,0.0,0.0,0.0,0.5079365079365079,0.0,0.0,,0.0,0.5993467537479669,,,"[[31, 0], [32, 0]]",8,alternative_only,majority_class,6,0.5,0.4523809523809524,,
63,0.4969758064516129,0.49206349206349204,0.4944556451612903,0.5,0.34375,0.4074074074074074,0.2543646459567999,0.3492063492063492,0.004145419878578636,2.0204321880870815,-0.09118308253998264,0.5993467537479669,0.1600792898856076,,"[[20, 11], [21, 11]]",8,alternative_only,logistic_regression,6,0.5418255784388508,0.5555555555555556,0.5033822619776334,0.11212814645308894
63,0.5403225806451613,0.5396825396825397,0.5362903225806451,0.5333333333333333,0.75,0.6233766233766234,0.2508978649979258,0.7142857142857143,0.00430021355551364,1.947613436278882,-0.11491997487404748,0.3073275078827309,0.1688868953697375,,"[[10, 21], [8, 24]]",8,alternative_only,random_forest,6,0.463768115942029,0.5714285714285714,0.4759138704022152,0.0678871090770421
63,0.5060483870967742,0.5396825396825397,0.5342741935483871,0.5283018867924528,0.875,0.6588235294117647,,0.8412698412698413,0.004580732711787103,1.9921007181707289,-0.12148021989881841,0.3073275078827309,0.16346882648483874,,"[[6, 25], [4, 28]]",8,alternative_only,svm_linear,6,0.5184337655733536,0.5714285714285714,-0.3057310310697606,0.0678871090770421
63,0.5,0.42857142857142855,0.5,0.0,0.0,0.0,0.5714285714285714,0.0,0.0,,0.0,0.8963160500715729,,,"[[27, 0], [36, 0]]",9,alternative_only,majority_class,6,0.5,0.4444444444444444,,
63,0.5,0.5079365079365079,0.5231481481481481,0.6,0.4166666666666667,0.4918032786885246,0.2472324495001626,0.3968253968253968,0.0005858601547256289,0.3178096560117524,-0.19869111815386775,0.5,0.4376269185856063,,"[[17, 10], [21, 15]]",9,alternative_only,logistic_regression,6,0.5244897959183673,0.5317460317460317,0.5095972321000762,0.0857142857142858
63,0.41872427983539096,0.5555555555555556,0.4861111111111111,0.5645161290322581,0.9722222222222222,0.7142857142857143,0.25315112218012914,0.9841269841269841,-0.00023328213985780502,-0.1021960649837807,-0.28555647068659473,0.22498126814511127,0.5201325945125416,,"[[0, 27], [1, 35]]",9,alternative_only,random_forest,6,0.4357142857142857,0.5634920634920635,0.4602267526549597,0.03928571428571692
63,0.47530864197530864,0.4444444444444444,0.4212962962962963,0.5121951219512195,0.5833333333333334,0.5454545454545454,,0.6507936507936508,-0.0009019476914255697,-0.43141766101772683,-0.23159226369325958,0.8432484733517736,0.5843714755905636,,"[[7, 20], [15, 21]]",9,alternative_only,svm_linear,6,0.5418367346938775,0.5555555555555556,0.9995101167169668,0.08928571428571497
63,0.5,0.42857142857142855,0.5,0.0,0.0,0.0,0.5714285714285714,0.0,0.0,,0.0,0.8963160500715729,,,"[[27, 0], [36, 0]]",1,no_alternative_data,majority_class,10,0.5,0.4365079365079365,,
63,0.42592592592592593,0.4126984126984127,0.47685185185185186,0.3333333333333333,0.027777777777777776,0.05128205128205128,0.25639362049779574,0.047619047619047616,-0.00011920304169068258,-0.4616717239827779,-0.017636442464771362,0.9350410384887238,0.5901873321059792,,"[[25, 2], [35, 1]]",1,no_alternative_data,logistic_regression,10,0.4865556978233035,0.47619047619047616,0.5742910922404588,0.041741357234314935
63,0.4495884773662551,0.42857142857142855,0.4305555555555556,0.5,0.4166666666666667,0.45454545454545453,0.2555433558334126,0.47619047619047616,0.004625009564132408,2.922247942397186,-0.08736654204997618,0.8963160500715729,0.07612141734354182,,"[[12, 15], [21, 15]]",1,no_alternative_data,random_forest,10,0.49218950064020484,0.5,0.5380344809600389,0.05121638924455868
63,0.43415637860082307,0.36507936507936506,0.4212962962962963,0.16666666666666666,0.027777777777777776,0.047619047619047616,,0.09523809523809523,-0.0002757564918673238,-1.050036265042643,-0.02576301648380175,0.9887125136633714,0.6978313996878478,,"[[22, 5], [35, 1]]",1,no_alternative_data,svm_linear,10,0.4973111395646607,0.48412698412698413,0.8174951780593133,0.043533930857874686
63,0.5,0.5555555555555556,0.5,0.0,0.0,0.0,0.4444444444444444,0.0,0.0,,0.0,0.22498126814511127,,,"[[35, 0], [28, 0]]",2,no_alternative_data,majority_class,10,0.5,0.4523809523809524,,
63,0.513265306122449,0.5079365079365079,0.46428571428571425,0.2857142857142857,0.07142857142857142,0.11428571428571428,0.2582461471658275,0.1111111111111111,-0.0018288731878762382,-2.0622642703303278,-0.15603319836213392,0.5,0.844838792202438,,"[[30, 5], [26, 2]]",2,no_alternative_data,logistic_regression,10,0.4429188914314773,0.47619047619047616,0.5909979886357986,0.037376048817695996
63,0.5510204081632653,0.5396825396825397,0.48928571428571427,0.3333333333333333,0.03571428571428571,0.06451612903225806,0.254257148642653,0.047619047619047616,-0.002222602367651281,-2.714149754768369,-0.13567172931353277,0.3073275078827309,0.9084400611038299,,"[[33, 2], [27, 1]]",2,no_alternative_data,random_forest,10,0.43707093821510307,0.4603174603174603,0.5990502774231408,0.005339435545385289
63,0.5112244897959184,0.5079365079365079,0.4607142857142857,0.2,0.03571428571428571,0.06060606060606061,,0.07936507936507936,-0.0024255222402606493,-2.954780456813514,-0.15603319836213392,0.5,0.9260971387421387,,"[[31, 4], [27, 1]]",2,no_alternative_data,svm_linear,10,0.4286803966437834,0.47619047619047616,1.0806255162586926,0.037376048817695996
63,0.5,0.5238095238095238,0.5,0.0,0.0,0.0,0.47619047619047616,0.0,0.0,,0.0,0.40065324625203314,,,"[[33, 0], [30, 0]]",3,no_alternative_data,majority_class,10,0.5,0.49206349206349204,,
63,0.5424242424242425,0.5238095238095238,0.5424242424242425,0.5,0.9333333333333333,0.6511627906976745,0.2538686168936627,0.8888888888888888,0.0016106128936294222,0.9310489455197557,-0.1586149336971323,0.40065324625203314,0.3229151594760721,,"[[5, 28], [2, 28]]",3,no_alternative_data,logistic_regression,10,0.49319556451612906,0.5396825396825397,0.5032199983489887,0.0715725806451607
63,0.43535353535353527,0.42857142857142855,0.446969696969697,0.44642857142857145,0.8333333333333334,0.5813953488372093,0.26134965265843746,0.8888888888888888,-0.0011289603215480827,-0.6631928733274358,-0.18116853486249096,0.8963160500715729,0.6283505396220621,,"[[2, 31], [5, 25]]",3,no_alternative_data,random_forest,10,0.49193548387096775,0.5158730158730159,0.5303898576799516,0.031754032258064335
63,0.5313131313131313,0.49206349206349204,0.5136363636363637,0.48333333333333334,0.9666666666666667,0.6444444444444445,,0.9523809523809523,0.0009734945672876922,0.5558949577135708,-0.15861493369713198,0.5993467537479669,0.391835155710368,,"[[2, 31], [1, 29]]",3,no_alternative_data,svm_linear,10,0.48487903225806456,0.5396825396825397,0.1448080863849575,0.0730846774193541
63,0.5,0.49206349206349204,0.5,0.0,0.0,0.0,0.5079365079365079,0.0,0.0,,0.0,0.5993467537479669,,,"[[31, 0], [32, 0]]",4,no_alternative_data,majority_class,10,0.5,0.5396825396825397,,
63,0.6411290322580646,0.6349206349206349,0.6335685483870968,0.6216216216216216,0.71875,0.6666666666666666,0.24316383098320143,0.5873015873015873,0.005362658157131746,3.810116864071977,-0.10584325693528696,0.021478272762194606,0.03172569680432236,,"[[17, 14], [9, 23]]",4,no_alternative_data,logistic_regression,10,0.5398073022312373,0.5714285714285714,0.5389661744346064,0.16784989858011723
63,0.53125,0.47619047619047616,0.47530241935483875,0.4857142857142857,0.53125,0.5074626865671642,0.24807962732625186,0.5555555555555556,0.0013377771908024744,1.0146119734951358,-0.10553297905377634,0.6926724921172691,0.30828112326526375,,"[[13, 18], [15, 17]]",4,no_alternative_data,random_forest,10,0.5555273833671399,0.5634920634920635,0.5232462758494475,0.1759634888438084
63,0.689516129032258,0.5873015873015873,0.5902217741935484,0.65,0.40625,0.5,,0.31746031746031744,0.0026918879643456723,2.2604416950677533,-0.11524959704266946,0.10368394992842711,0.13326017914215219,,"[[24, 7], [19, 13]]",4,no_alternative_data,svm_linear,10,0.531947261663286,0.5476190476190477,0.7179382215969475,0.09584178498985513
63,0.5,0.5555555555555556,0.5,0.0,0.0,0.0,0.4444444444444444,0.0,0.0,,0.0,0.22498126814511127,,,"[[35, 0], [28, 0]]",5,no_alternative_data,majority_class,10,0.5,0.5079365079365079,,
63,0.4785714285714286,0.4603174603174603,0.48214285714285715,0.4318181818181818,0.6785714285714286,0.5277777777777778,0.2565963116210621,0.6984126984126984,-0.002250571660024923,-1.783793704209346,-0.2157373824585055,0.7750187318548887,0.810155773867445,,"[[10, 25], [9, 19]]",5,no_alternative_data,logistic_regression,10,0.594758064516129,0.6031746031746031,0.5170361132131586,0.2111895161290286
63,0.5102040816326531,0.5555555555555556,0.5035714285714286,0.5,0.03571428571428571,0.06666666666666667,0.2559476624032854,0.031746031746031744,0.0001346701212657096,0.4195915632601047,-0.024047240629430644,0.22498126814511127,0.41790713476155333,,"[[34, 1], [27, 1]]",5,no_alternative_data,random_forest,10,0.4964717741935484,0.5317460317460317,0.5808676584152378,0.04939516129032176
63,0.45918367346938777,0.4603174603174603,0.4714285714285714,0.42105263157894735,0.5714285714285714,0.48484848484848486,,0.6031746031746031,-0.003778033789147572,-2.585094182990198,-0.26978916169384226,0.7750187318548887,0.8977352503044718,,"[[13, 22], [12, 16]]",5,no_alternative_data,svm_linear,10,0.587953629032258,0.626984126984127,0.5031834015864076,0.2555443548387053
63,0.5,0.5079365079365079,0.5,0.0,0.0,0.0,0.49206349206349204,0.0,0.0,,0.0,0.5,,,"[[32, 0], [31, 0]]",6,no_alternative_data,majority_class,10,0.5,0.5238095238095238,,
63,0.5413306451612904,0.5873015873015873,0.5877016129032258,0.5757575757575758,0.6129032258064516,0.59375,0.2509520297781543,0.5238095238095238,-0.0006237502489498013,-0.402242566539279,-0.17583849748890612,0.10368394992842711,0.5787450292011395,,"[[18, 14], [12, 19]]",6,no_alternative_data,logistic_regression,10,0.554040404040404,0.5714285714285714,0.5033119494567106,0.16666666666666274
63,0.6370967741935484,0.5873015873015873,0.5897177419354839,0.5609756097560976,0.7419354838709677,0.6388888888888888,0.24346624315498142,0.6507936507936508,0.0009088443336407287,0.3809393492951518,-0.1569437504117377,0.10368394992842711,0.4253738187260051,,"[[14, 18], [8, 23]]",6,no_alternative_data,random_forest,10,0.49772727272727274,0.5158730158730159,0.48251705803231665,0.06060606060605833
63,0.532258064516129,0.5714285714285714,0.5675403225806451,0.625,0.3225806451612903,0.425531914893617,,0.25396825396825395,0.0009912228590425686,0.8103094405168862,-0.11475484607066533,0.15675152664822642,0.3445602246608207,,"[[26, 6], [21, 10]]",6,no_alternative_data,svm_linear,10,0.5525252525252526,0.5793650793650794,0.6022608649371656,0.14999999999999697
63,0.5,0.3968253968253968,0.5,0.0,0.0,0.0,0.6031746031746031,0.0,0.0,,0.0,0.9615370831951954,,,"[[25, 0], [38, 0]]",7,no_alternative_data,majority_class,10,0.5,0.5317460317460317,,
63,0.523157894736842,0.4603174603174603,0.5526315789473684,1.0,0.10526315789473684,0.19047619047619047,0.26398689876288123,0.06349206349206349,0.002829725514927941,3.6194434996364717,0.0,0.7750187318548887,0.03873977932674919,,"[[25, 0], [34, 4]]",7,no_alternative_data,logistic_regression,10,0.49962054136099165,0.5238095238095238,0.5198915262520425,0.041740450290916664
63,0.4242105263157894,0.4444444444444444,0.5394736842105263,1.0,0.07894736842105263,0.14634146341463414,0.26141804561671755,0.047619047619047616,0.0020964116754188904,2.8910159022474304,0.0,0.8432484733517736,0.07829981701831523,,"[[25, 0], [35, 3]]",7,no_alternative_data,random_forest,10,0.5110043005312421,0.5317460317460317,0.5321717824470595,0.04452314697697807
63,0.5284210526315789,0.4126984126984127,0.5131578947368421,1.0,0.02631578947368421,0.05128205128205128,,0.015873015873015872,0.0013396324791646603,2.0160645150967413,0.0,0.9350410384887238,0.16059874123158413,,"[[25, 0], [37, 1]]",7,no_alternative_data,svm_linear,10,0.4981027068049583,0.5476190476190477,0.6374019940260053,0.06425499620541206
63,0.5,0.49206349206349204,0.5,0.0,0.0,0.0,0.5079365079365079,0.0,0.0,,0.0,0.5993467537479669,,,"[[31, 0], [32, 0]]",8,no_alternative_data,majority_class,10,0.5,0.4523809523809524,,
63,0.5695564516129032,0.49206349206349204,0.4954637096774194,0.5,0.28125,0.36,0.24858552303886788,0.2857142857142857,0.001693000622002543,2.911003128958415,-0.03959349497461939,0.5993467537479669,0.07690022270435087,,"[[22, 9], [23, 9]]",8,no_alternative_data,logistic_regression,10,0.5283498601576405,0.5476190476190477,0.5045310797508864,0.12509534706330955
63,0.6290322580645162,0.5396825396825397,0.5357862903225806,0.5319148936170213,0.78125,0.6329113924050633,0.24557943942367313,0.746031746031746,0.0033289204329288637,1.5390330114656023,-0.18622562207779214,0.3073275078827309,0.22406454366464656,,"[[9, 22], [7, 25]]",8,no_alternative_data,random_forest,10,0.5502161200101704,0.5952380952380952,0.47670292757809196,0.14492753623188404
63,0.5574596774193548,0.5238095238095238,0.5297379032258065,0.625,0.15625,0.25,,0.12698412698412698,0.001119877911637459,3.3201361562109972,-0.011719342736323024,0.40065324625203314,0.05232541254047722,,"[[28, 3], [27, 5]]",8,no_alternative_data,svm_linear,10,0.5120772946859904,0.5079365079365079,0.5835285982745083,0.08314263920671157
63,0.5,0.42857142857142855,0.5,0.0,0.0,0.0,0.5714285714285714,0.0,0.0,,0.0,0.8963160500715729,,,"[[27, 0], [36, 0]]",9,no_alternative_data,majority_class,10,0.5,0.4444444444444444,,
63,0.5195473251028806,0.5079365079365079,0.5046296296296297,0.5757575757575758,0.5277777777777778,0.5507246376811594,0.2576097460737421,0.5238095238095238,0.0024498582871629636,1.549758846477151,-0.15800919105016797,0.5,0.22249341515610116,,"[[13, 14], [17, 19]]",9,no_alternative_data,logistic_regression,10,0.5520408163265307,0.5793650793650794,0.4724032175865215,0.14999999999999958
63,0.5092592592592593,0.5238095238095238,0.5509259259259259,0.65,0.3611111111111111,0.4642857142857143,0.25629654481767694,0.31746031746031744,0.0026237891110771497,2.364014633674355,-0.09113977247619098,0.40065324625203314,0.1227232395614111,,"[[20, 7], [23, 13]]",9,no_alternative_data,random_forest,10,0.5405612244897959,0.5634920634920635,0.4951732108129482,0.13928571428571374
63,0.5308641975308641,0.5238095238095238,0.5231481481481481,0.59375,0.5277777777777778,0.5588235294117647,,0.5079365079365079,0.00014205397429368585,0.08766199137652471,-0.23161654572474044,0.40065324625203314,0.48272862865344657,,"[[14, 13], [17, 19]]",9,no_alternative_data,svm_linear,10,0.5448979591836735,0.5793650793650794,-0.23828886405487182,0.14999999999999958
63,0.5,0.42857142857142855,0.5,0.0,0.0,0.0,0.5714285714285714,0.0,0.0,,0.0,0.8963160500715729,,,"[[27, 0], [36, 0]]",1,sentiment_only,majority_class,3,0.5,0.4365079365079365,,
63,0.5401234567901234,0.4444444444444444,0.47685185185185186,0.5294117647058824,0.25,0.33962264150943394,0.25026743511868266,0.2698412698412698,0.004767446471548517,4.346164908208073,-0.015109299899720208,0.8432484733517736,0.017495422296024066,,"[[19, 8], [27, 9]]",1,sentiment_only,logistic_regression,3,0.5600512163892445,0.5476190476190477,0.5026936553643606,0.1480153649167722
63,0.5010288065843622,0.5079365079365079,0.45833333333333337,0.5471698113207547,0.8055555555555556,0.651685393258427,0.25784779602823815,0.8412698412698413,0.0058808849181419464,3.895882747575278,-0.08736654204997607,0.5,0.028939726424997175,,"[[3, 24], [7, 29]]",1,sentiment_only,random_forest,3,0.41357234314980795,0.5873015873015873,0.43622285716814135,0.07503201024328043
63,0.5411522633744856,0.5396825396825397,0.49074074074074076,0.5660377358490566,0.8333333333333334,0.6741573033707865,,0.8412698412698413,0.006484551439493372,3.9317970849061354,-0.09243312485943034,0.3073275078827309,0.02783651514125187,,"[[4, 23], [6, 30]]",1,sentiment_only,svm_linear,3,0.5426376440460947,0.5873015873015873,-0.2766048117171288,0.09961587708066755
63,0.5,0.5555555555555556,0.5,0.0,0.0,0.0,0.4444444444444444,0.0,0.0,,0.0,0.22498126814511127,,,"[[35, 0], [28, 0]]",2,sentiment_only,majority_class,3,0.5,0.4523809523809524,,
63,0.55,0.4603174603174603,0.5035714285714286,0.44642857142857145,0.8928571428571429,0.5952380952380952,0.2498293577665443,0.8888888888888888,-0.0019181596615986396,-0.9755048698934755,-0.29645927204737865,0.7750187318548887,0.6849071258927761,,"[[4, 31], [3, 25]]",2,sentiment_only,logistic_regression,3,0.5403000254258836,0.5793650793650794,0.49306583375170265,0.12204424103737632
63,0.47346938775510206,0.6190476190476191,0.575,0.8333333333333334,0.17857142857142858,0.29411764705882354,0.25103939194375474,0.09523809523809523,0.0017714968352766285,2.3505058969960864,-0.029316150636060856,0.038462916804804625,0.12406258642349946,,"[[34, 1], [23, 5]]",2,sentiment_only,random_forest,3,0.48995677599796594,0.49206349206349204,0.5405127456695273,0.051106025934400875
63,0.5306122448979592,0.47619047619047616,0.47857142857142854,0.42424242424242425,0.5,0.45901639344262296,,0.5238095238095238,1.3537196720956959e-05,0.0085128372821233,-0.24212206744686338,0.6926724921172691,0.4983222488333322,,"[[16, 19], [14, 14]]",2,sentiment_only,svm_linear,3,0.5344520722095093,0.5396825396825397,0.10745908752543572,0.09839816933638412
63,0.5,0.5238095238095238,0.5,0.0,0.0,0.0,0.47619047619047616,0.0,0.0,,0.0,0.40065324625203314,,,"[[33, 0], [30, 0]]",3,sentiment_only,majority_class,3,0.5,0.49206349206349204,,
63,0.503030303030303,0.47619047619047616,0.47575757575757577,0.45161290322580644,0.4666666666666667,0.45901639344262296,0.24950252213806517,0.49206349206349204,-0.0020573817617424283,-1.4144918506324762,-0.17132971617444193,0.6926724921172691,0.7572262289852061,,"[[16, 17], [16, 14]]",3,sentiment_only,logistic_regression,3,0.5279737903225806,0.5476190476190477,0.5047529455009144,0.09374999999999889
63,0.5949494949494949,0.5555555555555556,0.5409090909090909,0.5833333333333334,0.23333333333333334,0.3333333333333333,0.24322485970957747,0.19047619047619047,0.0003164225313782889,0.5004230171408557,-0.07730615639590444,0.22498126814511127,0.40239311413783646,,"[[28, 5], [23, 7]]",3,sentiment_only,random_forest,3,0.49823588709677424,0.5476190476190477,0.5335827251803293,0.1063508064516113
63,0.502020202020202,0.49206349206349204,0.4909090909090909,0.4666666666666667,0.4666666666666667,0.4666666666666667,,0.47619047619047616,-0.0020216808488148098,-1.389861591775613,-0.16946170472659727,0.5993467537479669,0.7534260584100528,,"[[17, 16], [16, 14]]",3,sentiment_only,svm_linear,3,0.5257056451612903,0.5476190476190477,0.035707760109964334,0.09374999999999889
63,0.5,0.49206349206349204,0.5,0.0,0.0,0.0,0.5079365079365079,0.0,0.0,,0.0,0.5993467537479669,,,"[[31, 0], [32, 0]]",4,sentiment_only,majority_class,3,0.5,0.5396825396825397,,
63,0.4737903225806452,0.4603174603174603,0.4591733870967742,0.4722222222222222,0.53125,0.5,0.25121732562681515,0.5714285714285714,-6.811168926471564e-05,-0.04293633817464602,-0.11623528683168227,0.7750187318548887,0.5084614768943304,,"[[12, 19], [15, 17]]",4,sentiment_only,logistic_regression,3,0.5230730223123732,0.5317460317460317,0.5052591334509756,0.0715010141987803
63,0.44254032258064524,0.47619047619047616,0.48336693548387094,0.3333333333333333,0.03125,0.05714285714285714,0.25802434533164437,0.047619047619047616,-0.0005118767908022602,-1.4265125205201097,-0.05233847495279553,0.6926724921172691,0.7590690270982585,,"[[29, 2], [31, 1]]",4,sentiment_only,random_forest,3,0.5218052738336715,0.5634920634920635,0.5576489968160587,0.06440162271805143
63,0.46471774193548393,0.49206349206349204,0.49798387096774194,0.5,0.125,0.2,,0.12698412698412698,-0.0012599725999552509,-1.703392893348806,-0.095878004031279,0.5993467537479669,0.7992950759134254,,"[[27, 4], [28, 4]]",4,sentiment_only,svm_linear,3,0.5149594320486816,0.5793650793650794,0.5319726449927565,0.09634888438133692
63,0.5,0.5555555555555556,0.5,0.0,0.0,0.0,0.4444444444444444,0.0,0.0,,0.0,0.22498126814511127,,,"[[35, 0], [28, 0]]",5,sentiment_only,majority_class,3,0.5,0.5079365079365079,,
63,0.36734693877551017,0.4126984126984127,0.46071428571428574,0.423728813559322,0.8928571428571429,0.5747126436781609,0.2546265775113637,0.9365079365079365,-0.004754485545813903,-2.946140516169531,-0.36018039986885764,0.9350410384887238,0.9255129321436876,,"[[1, 34], [3, 25]]",5,sentiment_only,logistic_regression,3,0.4969758064516129,0.5158730158730159,0.4701217800388012,0.045866935483869664
63,0.5173469387755102,0.4444444444444444,0.46785714285714286,0.4222222222222222,0.6785714285714286,0.5205479452054794,0.2544687116875555,0.7142857142857143,-0.002435192410613011,-2.0808526520671804,-0.26384513017135036,0.8432484733517736,0.8469910468755414,,"[[9, 26], [9, 19]]",5,sentiment_only,random_forest,3,0.53125,0.5396825396825397,0.4916079496676922,0.08266129032257896
63,0.3663265306122449,0.4126984126984127,0.46071428571428574,0.423728813559322,0.8928571428571429,0.5747126436781609,,0.9365079365079365,-0.004754485545813903,-2.946140516169531,-0.36018039986885764,0.9350410384887238,0.9255129321436876,,"[[1, 34], [3, 25]]",5,sentiment_only,svm_linear,3,0.49773185483870963,0.5158730158730159,-0.6903047554885384,0.045866935483869664
63,0.5,0.5079365079365079,0.5,0.0,0.0,0.0,0.49206349206349204,0.0,0.0,,0.0,0.5,,,"[[32, 0], [31, 0]]",6,sentiment_only,majority_class,3,0.5,0.5238095238095238,,
63,0.37903225806451607,0.5396825396825397,0.5463709677419355,0.5172413793103449,0.967741935483871,0.6741573033707865,0.2537057520979835,0.9206349206349206,-0.003321508836991311,-1.2656695423340731,-0.31015290818673624,0.3073275078827309,0.7337771698436054,,"[[4, 28], [1, 30]]",6,sentiment_only,logistic_regression,3,0.4181818181818182,0.46825396825396826,0.4688308581891434,-0.02121212121212246
63,0.4243951612903226,0.42857142857142855,0.4264112903225806,0.391304347826087,0.2903225806451613,0.3333333333333333,0.2537167617820659,0.36507936507936506,-0.002485649537193928,-1.0996059943786696,-0.3332015847993465,0.8963160500715729,0.7062898788923857,,"[[18, 14], [22, 9]]",6,sentiment_only,random_forest,3,0.49747474747474746,0.5317460317460317,0.5046795557810516,0.05454545454545301
63,0.405241935483871,0.5079365079365079,0.5,0.0,0.0,0.0,,0.0,0.0,,0.0,0.5,,,"[[32, 0], [31, 0]]",6,sentiment_only,svm_linear,3,0.4126262626262626,0.5158730158730159,0.7206451628869056,-0.010606060606060529
63,0.5,0.3968253968253968,0.5,0.0,0.0,0.0,0.6031746031746031,0.0,0.0,,0.0,0.9615370831951954,,,"[[25, 0], [38, 0]]",7,sentiment_only,majority_class,3,0.5,0.5317460317460317,,
63,0.541578947368421,0.6031746031746031,0.5205263157894737,0.6140350877192983,0.9210526315789473,0.7368421052631579,0.25006607926007324,0.9047619047619048,0.008846644896711097,5.784065920440411,-0.10949541214073655,0.06495896151127627,0.0028115387014746307,,"[[3, 22], [3, 35]]",7,sentiment_only,logistic_regression,3,0.36326840374399194,0.47619047619047616,0.4690542095427907,0.008854034910192654
63,0.5005263157894737,0.38095238095238093,0.46631578947368424,0.4,0.05263157894736842,0.09302325581395349,0.2509589441561811,0.07936507936507936,-0.00012993941011517774,-0.4225491617380452,-0.040146871842231535,0.9785217272378054,0.582662992783997,,"[[22, 3], [36, 2]]",7,sentiment_only,random_forest,3,0.4444725524917784,0.5396825396825397,0.5551255785706373,0.02302049076650596
63,0.5384210526315789,0.6031746031746031,0.5205263157894737,0.6140350877192983,0.9210526315789473,0.7368421052631579,,0.9047619047619048,0.008846644896711097,5.784065920440411,-0.10949541214073655,0.06495896151127627,0.0028115387014746307,,"[[3, 22], [3, 35]]",7,sentiment_only,svm_linear,3,0.3617505691879585,0.47619047619047616,-0.6841367861810028,0.008854034910192654
63,0.5,0.49206349206349204,0.5,0.0,0.0,0.0,0.5079365079365079,0.0,0.0,,0.0,0.5993467537479669,,,"[[31, 0], [32, 0]]",8,sentiment_only,majority_class,3,0.5,0.4523809523809524,,
63,0.5625,0.49206349206349204,0.4848790322580645,0.5,0.9375,0.6521739130434783,0.24923462683040495,0.9523809523809523,0.0054395340586420185,2.0984127374749146,-0.17883043649159214,0.5993467537479669,0.1509944648870802,,"[[1, 30], [2, 30]]",8,sentiment_only,logistic_regression,3,0.4570302568014239,0.5555555555555556,0.4804360413464214,0.02669717772692859
63,0.528225806451613,0.42857142857142855,0.42338709677419356,0.46153846153846156,0.75,0.5714285714285714,0.2496135678023842,0.8253968253968254,0.002121864782329267,0.8842487585737409,-0.20155203742305994,0.8963160500715729,0.331237478632161,,"[[3, 28], [8, 24]]",8,sentiment_only,random_forest,3,0.45143656242054414,0.5873015873015873,0.4762032812394087,0.11823035850495867
63,0.5786290322580645,0.49206349206349204,0.4848790322580645,0.5,0.9375,0.6521739130434783,,0.9523809523809523,0.006406632217296305,2.5329077187331053,-0.1854717218830566,0.5993467537479669,0.10684895686909755,,"[[1, 30], [2, 30]]",8,sentiment_only,svm_linear,3,0.46516653953724896,0.5555555555555556,-0.7004860212370584,0.02669717772692859
63,0.5,0.42857142857142855,0.5,0.0,0.0,0.0,0.5714285714285714,0.0,0.0,,0.0,0.8963160500715729,,,"[[27, 0], [36, 0]]",9,sentiment_only,majority_class,3,0.5,0.4444444444444444,,
63,0.522633744855967,0.5079365079365079,0.5231481481481481,0.6,0.4166666666666667,0.4918032786885246,0.24986880799641098,0.3968253968253968,0.0032656326572268503,2.1655315201114163,-0.09486413809457372,0.5,0.14346176923547374,,"[[17, 10], [21, 15]]",9,sentiment_only,logistic_regression,3,0.5424744897959184,0.5793650793650794,0.5009725174475641,0.18214285714285566
63,0.411522633744856,0.4126984126984127,0.4305555555555556,0.4782608695652174,0.3055555555555556,0.3728813559322034,0.25384926403793906,0.36507936507936506,-0.0014025119218999428,-1.0848434491198968,-0.16627580442176726,0.9350410384887238,0.7037825795657519,,"[[15, 12], [25, 11]]",9,sentiment_only,random_forest,3,0.46543367346938774,0.5158730158730159,0.5093171477694056,0.053571428571429214
63,0.5205761316872428,0.5079365079365079,0.5231481481481481,0.6,0.4166666666666667,0.4918032786885246,,0.3968253968253968,0.0032656326572268503,2.1655315201114163,-0.09486413809457372,0.5,0.14346176923547374,,"[[17, 10], [21, 15]]",9,sentiment_only,svm_linear,3,0.5434948979591837,0.5793650793650794,0.18219744851865116,0.18214285714285566
63,0.5,0.42857142857142855,0.5,0.0,0.0,0.0,0.5714285714285714,0.0,0.0,,0.0,0.8963160500715729,,,"[[27, 0], [36, 0]]",1,attention_only,majority_class,3,0.5,0.4365079365079365,,
63,0.34979423868312765,0.3968253968253968,0.4583333333333333,0.25,0.027777777777777776,0.05,0.2830386026316681,0.06349206349206349,0.0004999507755509349,1.5741777293321293,-0.008293701618260152,0.9615370831951954,0.21894061830923395,,"[[24, 3], [35, 1]]",1,attention_only,logistic_regression,3,0.5477592829705507,0.5238095238095238,0.5530475976754035,0.15083226632522204
63,0.36419753086419754,0.38095238095238093,0.4212962962962963,0.38461538461538464,0.1388888888888889,0.20408163265306123,0.2730075618105742,0.20634920634920634,-0.0014803991607815143,-1.6896046240302016,-0.10916231471101956,0.9785217272378054,0.7973948455570087,,"[[19, 8], [31, 5]]",1,attention_only,random_forest,3,0.4819462227912932,0.5,0.5374447990457972,0.07580025608194585
63,0.3549382716049383,0.4126984126984127,0.4722222222222222,0.4,0.05555555555555555,0.0975609756097561,,0.07936507936507936,0.0005111368337115666,1.6095073885679883,-0.008293701618260485,0.9350410384887238,0.2138599801775028,,"[[24, 3], [34, 2]]",1,attention_only,svm_linear,3,0.5490396927016645,0.5396825396825397,0.5001478008800866,0.17080665813059964
63,0.5,0.5555555555555556,0.5,0.0,0.0,0.0,0.4444444444444444,0.0,0.0,,0.0,0.22498126814511127,,,"[[35, 0], [28, 0]]",2,attention_only,majority_class,3,0.5,0.4523809523809524,,
63,0.5142857142857142,0.5873015873015873,0.5571428571428572,0.5714285714285714,0.2857142857142857,0.38095238095238093,0.25550688542029093,0.2222222222222222,0.0009715966646079159,1.0350120987600187,-0.08016549777192472,0.10368394992842711,0.3047542463172126,,"[[29, 6], [20, 8]]",2,attention_only,logistic_regression,3,0.4444444444444444,0.47619047619047616,0.553564838774282,0.037376048817695996
63,0.5479591836734694,0.6031746031746031,0.5607142857142857,0.7142857142857143,0.17857142857142858,0.2857142857142857,0.24713242884430522,0.1111111111111111,0.0015996644212838331,3.07885095598687,-0.017340181652132136,0.06495896151127627,0.06590365297657419,,"[[33, 2], [23, 5]]",2,attention_only,random_forest,3,0.43745232646834475,0.4603174603174603,0.563290269715196,0.005339435545385289
63,0.5122448979591836,0.5873015873015873,0.5571428571428572,0.5714285714285714,0.2857142857142857,0.38095238095238093,,0.2222222222222222,0.0009715966646079159,1.0350120987600187,-0.08016549777192472,0.10368394992842711,0.3047542463172126,,"[[29, 6], [20, 8]]",2,attention_only,svm_linear,3,0.44190185608949917,0.47619047619047616,0.5231145264967894,0.037376048817695996
63,0.5,0.5238095238095238,0.5,0.0,0.0,0.0,0.47619047619047616,0.0,0.0,,0.0,0.40065324625203314,,,"[[33, 0], [30, 0]]",3,attention_only,majority_class,3,0.5,0.49206349206349204,,
63,0.47777777777777775,0.49206349206349204,0.47727272727272724,0.4166666666666667,0.16666666666666666,0.23809523809523808,0.2622647058476713,0.19047619047619047,-0.001130270924272405,-2.047594133653938,-0.07103202625514249,0.5993467537479669,0.8431258233370165,,"[[26, 7], [25, 5]]",3,attention_only,logistic_regression,3,0.44304435483870963,0.5,0.574242367629596,0.012600806451612767
63,0.4515151515151515,0.5396825396825397,0.5227272727272727,0.5555555555555556,0.16666666666666666,0.2564102564102564,0.26395326187826623,0.14285714285714285,-0.00029520290240051753,-0.5986316664453085,-0.03868277878154358,0.3073275078827309,0.6162440721281321,,"[[29, 4], [25, 5]]",3,attention_only,random_forest,3,0.47101814516129037,0.5158730158730159,0.5785376022950072,0.04586693548387028
63,0.4747474747474747,0.49206349206349204,0.47727272727272724,0.4166666666666667,0.16666666666666666,0.23809523809523808,,0.19047619047619047,-0.001130270924272405,-2.047594133653938,-0.07103202625514249,0.5993467537479669,0.8431258233370165,,"[[26, 7], [25, 5]]",3,attention_only,svm_linear,3,0.4435483870967742,0.5,0.6821771804681684,0.012600806451612767
63,0.5,0.49206349206349204,0.5,0.0,0.0,0.0,0.5079365079365079,0.0,0.0,,0.0,0.5993467537479669,,,"[[31, 0], [32, 0]]",4,attention_only,majority_class,3,0.5,0.5396825396825397,,
63,0.39616935483870974,0.3968253968253968,0.39868951612903225,0.375,0.28125,0.32142857142857145,0.25844520378971875,0.38095238095238093,-0.0016583642163159479,-1.7383354036274936,-0.10845917018759899,0.9615370831951954,0.8040613722985287,,"[[16, 15], [23, 9]]",4,attention_only,logistic_regression,3,0.5136916835699796,0.5317460317460317,0.5145396173162426,0.05628803245435893
63,0.5625,0.5396825396825397,0.5433467741935484,0.5882352941176471,0.3125,0.40816326530612246,0.24901760654102684,0.2698412698412698,0.0006612851896564715,0.7532804712716641,-0.06330300400837707,0.3073275078827309,0.3549737451113264,,"[[24, 7], [22, 10]]",4,attention_only,random_forest,3,0.5243407707910751,0.5714285714285714,0.5246485315313951,0.11967545638944949
63,0.3941532258064516,0.4444444444444444,0.4405241935483871,0.46808510638297873,0.6875,0.5569620253164557,,0.746031746031746,-0.000780277707203457,-0.5577817626019858,-0.1330446600544546,0.8432484733517736,0.6085225774498355,,"[[6, 25], [10, 22]]",4,attention_only,svm_linear,3,0.5134381338742393,0.5079365079365079,-0.13849914397703078,0.05527383367139671
63,0.5,0.5555555555555556,0.5,0.0,0.0,0.0,0.4444444444444444,0.0,0.0,,0.0,0.22498126814511127,,,"[[35, 0], [28, 0]]",5,attention_only,majority_class,3,0.5,0.5079365079365079,,
63,0.4693877551020409,0.42857142857142855,0.47500000000000003,0.43103448275862066,0.8928571428571429,0.5813953488372093,0.254315139244831,0.9206349206349206,-0.00238569939387204,-1.7627431007535954,-0.28030747685071233,0.8963160500715729,0.8073485884246637,,"[[2, 33], [3, 25]]",5,attention_only,logistic_regression,3,0.4357358870967742,0.5,0.4760417234455998,0.012600806451612212
63,0.4581632653061225,0.5079365079365079,0.5321428571428571,0.4666666666666667,0.75,0.5753424657534246,0.2543202413868371,0.7142857142857143,-0.001293382515401116,-1.036545778834178,-0.20918606586409882,0.5,0.6955101600847732,,"[[11, 24], [7, 21]]",5,attention_only,random_forest,3,0.5223034274193549,0.5634920634920635,0.5039448913836263,0.1285282258064493
63,0.4673469387755102,0.4444444444444444,0.4892857142857143,0.43859649122807015,0.8928571428571429,0.5882352941176471,,0.9047619047619048,-0.0022165030545041654,-1.6395486195053157,-0.2725533543503629,0.8432484733517736,0.7904043231015769,,"[[3, 32], [3, 25]]",5,attention_only,svm_linear,3,0.43724798387096775,0.5,-0.19272739069626368,0.011088709677418596
63,0.5,0.5079365079365079,0.5,0.0,0.0,0.0,0.49206349206349204,0.0,0.0,,0.0,0.5,,,"[[32, 0], [31, 0]]",6,attention_only,majority_class,3,0.5,0.5238095238095238,,
63,0.5362903225806452,0.5714285714285714,0.578125,0.5344827586206896,1.0,0.6966292134831461,0.24317557803719,0.9206349206349206,-0.00155666336274358,-0.5937224305457672,-0.3276856588661201,0.15675152664822642,0.6153185497513126,,"[[5, 27], [0, 31]]",6,attention_only,logistic_regression,3,0.42727272727272725,0.48412698412698413,0.4699886397822249,0.010606060606058954
63,0.5564516129032258,0.5555555555555556,0.5549395161290323,0.5517241379310345,0.5161290322580645,0.5333333333333333,0.24810721886986364,0.4603174603174603,0.00036816012226686484,0.17137977874394378,-0.27200514628978667,0.22498126814511127,0.4662648303392986,,"[[19, 13], [15, 16]]",6,attention_only,random_forest,3,0.5113636363636362,0.5476190476190477,0.5052534287397862,0.09999999999999754
63,0.5372983870967742,0.5714285714285714,0.578125,0.5344827586206896,1.0,0.6966292134831461,,0.9206349206349206,-0.00155666336274358,-0.5937224305457672,-0.3276856588661201,0.15675152664822642,0.6153185497513126,,"[[5, 27], [0, 31]]",6,attention_only,svm_linear,3,0.427020202020202,0.48412698412698413,-0.36204735987145886,0.010606060606058954
63,0.5,0.3968253968253968,0.5,0.0,0.0,0.0,0.6031746031746031,0.0,0.0,,0.0,0.9615370831951954,,,"[[25, 0], [38, 0]]",7,attention_only,majority_class,3,0.5,0.5317460317460317,,
63,0.5294736842105262,0.5714285714285714,0.5010526315789473,0.6037735849056604,0.8421052631578947,0.7032967032967034,0.24884483136177435,0.8412698412698413,0.008406054632281262,5.5505817740996,-0.09082508707620829,0.15675152664822642,0.0038663586703600824,,"[[4, 21], [6, 32]]",7,attention_only,logistic_regression,3,0.481912471540602,0.5238095238095238,0.48958504031254907,0.09233493549202809
63,0.4442105263157895,0.49206349206349204,0.44894736842105265,0.5681818181818182,0.6578947368421053,0.6097560975609756,0.25044014178678126,0.6984126984126984,0.00595433069253134,4.4864711952086695,-0.07442282187620519,0.5993467537479669,0.014851751557134201,,"[[6, 19], [13, 25]]",7,attention_only,random_forest,3,0.5036681001770806,0.5555555555555556,0.5063844109925486,0.1115608398684515
63,0.5389473684210526,0.5714285714285714,0.4942105263157895,0.6,0.868421052631579,0.7096774193548387,,0.873015873015873,0.008570452432170967,5.54356207563716,-0.06997160842698247,0.15675152664822642,0.003903081905896374,,"[[3, 22], [5, 33]]",7,attention_only,svm_linear,3,0.49456109284088035,0.5238095238095238,-0.2408196955698269,0.09840627371616151
63,0.5,0.49206349206349204,0.5,0.0,0.0,0.0,0.5079365079365079,0.0,0.0,,0.0,0.5993467537479669,,,"[[31, 0], [32, 0]]",8,attention_only,majority_class,3,0.5,0.4523809523809524,,
63,0.5050403225806452,0.5079365079365079,0.5080645161290323,0.5161290322580645,0.5,0.5079365079365079,0.2544635509480871,0.49206349206349204,0.004824988356946201,2.314605980132217,-0.09118308253998253,0.5,0.12767276654183102,,"[[16, 15], [16, 16]]",8,attention_only,logistic_regression,3,0.5509788965166539,0.6031746031746031,0.49560560913533946,0.15026697177726933
63,0.5438508064516129,0.4603174603174603,0.46018145161290325,0.46875,0.46875,0.46875,0.2561998512096459,0.5079365079365079,0.003491936875267805,1.7668210164116178,-0.11209081115975239,0.7750187318548887,0.1921055844120803,,"[[14, 17], [17, 15]]",8,attention_only,random_forest,3,0.4988558352402746,0.5634920634920635,0.49511644527245224,0.09000762776506555
63,0.5141129032258065,0.4444444444444444,0.4501008064516129,0.3333333333333333,0.09375,0.14634146341463414,,0.14285714285714285,-0.0018657545589454998,-2.5663258256553942,-0.14358272029005448,0.8432484733517736,0.8961037505146503,,"[[25, 6], [29, 3]]",8,attention_only,svm_linear,3,0.5392829900839056,0.5238095238095238,0.9999088764449666,0.11517925247902226
63,0.5,0.42857142857142855,0.5,0.0,0.0,0.0,0.5714285714285714,0.0,0.0,,0.0,0.8963160500715729,,,"[[27, 0], [36, 0]]",9,attention_only,majority_class,3,0.5,0.4444444444444444,,
63,0.4845679012345679,0.4603174603174603,0.4722222222222222,0.5384615384615384,0.3888888888888889,0.45161290322580644,0.24784017278978254,0.4126984126984127,-0.0001427371983640329,-0.07986732190240466,-0.2073076195421717,0.7750187318548887,0.515736503249075,,"[[15, 12], [22, 14]]",9,attention_only,logistic_regression,3,0.5321428571428571,0.5476190476190477,0.5095200132972526,0.11785714285714244
63,0.4125514403292181,0.3968253968253968,0.46296296296296297,0.0,0.0,0.0,0.2565607929436314,0.031746031746031744,-0.000291051315791665,-2.785559052826797,-0.018257453926598943,0.9615370831951954,0.9139858989476136,,"[[25, 2], [36, 0]]",9,attention_only,random_forest,3,0.49451530612244904,0.48412698412698413,0.5515099362759477,0.05714285714285661
63,0.46399176954732513,0.47619047619047616,0.4351851851851852,0.5306122448979592,0.7222222222222222,0.611764705882353,,0.7777777777777778,-0.0008079323021530748,-0.3804173185785271,-0.2411763101872776,0.6926724921172691,0.5745251430230817,,"[[4, 23], [10, 26]]",9,attention_only,svm_linear,3,0.534438775510204,0.5714285714285714,0.9996069172099611,0.08928571428571563
